"name","type","n","missing","unique","mean","median","mode","mode_value","sd","v","min","max","range","skew","skew_2se","kurt","kurt_2se","category","description"
"V1","integer",71,0,71,36,36,36,NA,20.6397674405503,NA,1,71,70,0,0,-1.25081002446605,-1.11180898649757,NA,NA
"V2","integer",71,0,2,1.49295774647887,1,1,NA,0.503508814978013,NA,1,2,1,0.0275787300848675,0.0484169137446622,-2.02719918887346,-1.80191894174517,NA,NA
"V3","integer",71,0,2,1.25352112676056,1,1,NA,0.438122939665991,NA,1,2,1,1.10931119013667,1.94749446561016,-0.779819733946832,-0.6931592896534,NA,NA
"V4","integer",71,0,3,1.38028169014085,1,1,NA,0.594407200088544,NA,1,3,2,1.2661406887356,2.22282260011513,0.535595962897461,0.476075817297212,NA,NA
"V5","integer",71,0,27,10.5633802816901,7,7,NA,9.60763445594358,NA,1,32,31,0.853449695944149,1.49830685411469,-0.641393108893757,-0.570115851645906,NA,NA
"V6","integer",71,0,33,41.8450704225352,39,39,NA,10.2534285378445,NA,26,67,41,0.51272328727051,0.90013133665923,-0.671098603948109,-0.596520210184595,NA,NA
"V7","integer",71,0,2,1.42253521126761,1,1,NA,0.497478551755491,NA,1,2,1,0.307043329206697,0.539041875399173,-1.93234824036398,-1.71760866690893,NA,NA
"V8","integer",71,0,3,2.1830985915493,2,2,NA,0.761762226774763,NA,1,3,2,-0.310600252905385,-0.545286371334474,-1.24788183777743,-1.10920620573082,NA,NA
